HospitalID,IndicatorID,Date,HospitalValue,BoardValue
43,1,20 Jun 2021,1343,2002
43,2,20 Jun 2021,0.825,0.808
43,3,20 Jun 2021,235,384
43,4,20 Jun 2021,93,131
43,5,20 Jun 2021,42,48
43,6,31 May 2021,5524,8783
43,7,31 May 2021,0.857,0.867
43,10,31 May 2021,792,1165
43,12,31 May 2021,224,300
43,13,31 May 2021,100,127
43,14,31 May 2021,0.283,0.28
43,15,01 Oct 2018,0.789,0.792
43,16,01 Oct 2018,-0.164,-0.172
43,25,29 Apr 2021,NA,74
43,26,29 Apr 2021,NA,23
43,27,01 Apr 2021,NA,2414
43,28,01 Apr 2021,0.046,0.069
43,29,01 Apr 2021,0,0.012
43,30,31 Mar 2021,NA,37
43,31,31 Mar 2021,NA,252
43,32,31 Mar 2021,NA,30
43,33,31 Mar 2021,NA,318.4
43,34,01 Mar 2021,NA,0.681
43,39,01 Dec 2020,489.613,958.484
43,18,31 Mar 2021,NA,49
43,19,31 Mar 2021,NA,102
43,35,31 Mar 2021,NA,0.477
43,36,31 Mar 2021,NA,9262
43,37,31 Mar 2021,NA,279.9
43,38,31 Mar 2021,NA,4439.9
42,1,20 Jun 2021,659,2002
42,2,20 Jun 2021,0.774,0.808
42,3,20 Jun 2021,149,384
42,4,20 Jun 2021,38,131
42,5,20 Jun 2021,6,48
42,6,31 May 2021,2885,8783
42,7,31 May 2021,0.874,0.867
42,10,31 May 2021,364,1165
42,12,31 May 2021,76,300
42,13,31 May 2021,27,127
42,14,31 May 2021,0.31,0.28
42,15,01 Oct 2018,0.779,0.792
42,16,01 Oct 2018,-0.187,-0.172
42,25,29 Apr 2021,NA,74
42,26,29 Apr 2021,NA,23
42,27,01 Apr 2021,NA,2414
42,28,01 Apr 2021,0.079,0.069
42,29,01 Apr 2021,0.017,0.012
42,30,31 Mar 2021,NA,37
42,31,31 Mar 2021,NA,252
42,32,31 Mar 2021,NA,30
42,33,31 Mar 2021,NA,318.4
42,34,01 Mar 2021,NA,0.681
42,39,01 Dec 2020,313.613,958.484
42,18,31 Mar 2021,NA,49
42,19,31 Mar 2021,NA,102
42,35,31 Mar 2021,NA,0.477
42,36,31 Mar 2021,NA,9262
42,37,31 Mar 2021,NA,279.9
42,38,31 Mar 2021,NA,4439.9
9,1,20 Jun 2021,594,594
9,2,20 Jun 2021,0.756,0.756
9,3,20 Jun 2021,145,145
9,4,20 Jun 2021,34,34
9,5,20 Jun 2021,25,25
9,6,31 May 2021,2653,2682
9,7,31 May 2021,0.842,0.844
9,10,31 May 2021,419,419
9,12,31 May 2021,64,64
9,13,31 May 2021,24,24
9,14,31 May 2021,0.332,0.328
9,15,01 Oct 2018,0.86,0.86
9,16,01 Oct 2018,-0.009,-0.017
9,25,29 Apr 2021,NA,38
9,26,29 Apr 2021,NA,22
9,27,01 Apr 2021,NA,1067
9,28,01 Apr 2021,0.035,0.035
9,29,01 Apr 2021,0.014,0.014
9,30,31 Mar 2021,NA,28
9,31,31 Mar 2021,NA,205.9
9,32,31 Mar 2021,NA,35
9,33,31 Mar 2021,NA,366.2
9,34,01 Mar 2021,NA,0.744
9,39,01 Dec 2020,204.452,204.452
9,18,31 Mar 2021,NA,47
9,19,31 Mar 2021,NA,61
9,35,31 Mar 2021,NA,0.547
9,36,31 Mar 2021,NA,2719.6
9,37,31 Mar 2021,NA,93.4
9,38,31 Mar 2021,NA,1175.3
13,1,20 Jun 2021,662,925
13,2,20 Jun 2021,0.763,0.811
13,3,20 Jun 2021,157,175
13,4,20 Jun 2021,26,30
13,5,20 Jun 2021,0,1
13,6,31 May 2021,2518,3424
13,7,31 May 2021,0.855,0.871
13,10,31 May 2021,365,443
13,12,31 May 2021,24,36
13,13,31 May 2021,0,2
13,14,31 May 2021,0.298,0.237
13,15,01 Oct 2018,0.821,0.907
13,16,01 Oct 2018,-0.228,-0.2
13,25,29 Apr 2021,NA,31
13,26,29 Apr 2021,NA,20
13,27,01 Apr 2021,NA,966
13,28,01 Apr 2021,0.066,0.063
13,29,01 Apr 2021,0.013,0.012
13,30,31 Mar 2021,NA,28
13,31,31 Mar 2021,NA,207
13,32,31 Mar 2021,NA,33
13,33,31 Mar 2021,NA,160
13,34,01 Mar 2021,NA,0.731
13,39,01 Dec 2020,269.355,323.903
13,18,31 Mar 2021,NA,45
13,19,31 Mar 2021,NA,102
13,35,31 Mar 2021,NA,0.9
13,36,31 Mar 2021,NA,3845.8
13,37,31 Mar 2021,NA,119.9
13,38,31 Mar 2021,NA,1844.1
16,1,20 Jun 2021,263,925
16,2,20 Jun 2021,0.932,0.811
16,3,20 Jun 2021,18,175
16,4,20 Jun 2021,4,30
16,5,20 Jun 2021,1,1
16,6,31 May 2021,906,3424
16,7,31 May 2021,0.914,0.871
16,10,31 May 2021,78,443
16,12,31 May 2021,12,36
16,13,31 May 2021,2,2
16,14,31 May 2021,0.068,0.237
16,15,01 Oct 2018,NA,0.907
16,16,01 Oct 2018,NA,-0.2
16,25,29 Apr 2021,NA,31
16,26,29 Apr 2021,NA,20
16,27,01 Apr 2021,NA,966
16,28,01 Apr 2021,0.063,0.063
16,29,01 Apr 2021,0,0.012
16,30,31 Mar 2021,NA,28
16,31,31 Mar 2021,NA,207
16,32,31 Mar 2021,NA,33
16,33,31 Mar 2021,NA,160
16,34,01 Mar 2021,NA,0.731
16,39,01 Dec 2020,25.419,323.903
16,18,31 Mar 2021,NA,45
16,19,31 Mar 2021,NA,102
16,35,31 Mar 2021,NA,0.9
16,36,31 Mar 2021,NA,3845.8
16,37,31 Mar 2021,NA,119.9
16,38,31 Mar 2021,NA,1844.1
44,1,20 Jun 2021,1302,1302
44,2,20 Jun 2021,0.849,0.849
44,3,20 Jun 2021,197,197
44,4,20 Jun 2021,5,5
44,5,20 Jun 2021,1,1
44,6,31 May 2021,5645,7039
44,7,31 May 2021,0.841,0.872
44,10,31 May 2021,899,900
44,12,31 May 2021,68,68
44,13,31 May 2021,8,8
44,14,31 May 2021,0.321,0.258
44,15,01 Oct 2018,0.858,0.859
44,16,01 Oct 2018,-0.098,-0.099
44,25,29 Apr 2021,NA,118
44,26,29 Apr 2021,NA,47
44,27,01 Apr 2021,NA,3466
44,28,01 Apr 2021,0.059,0.055
44,29,01 Apr 2021,0.022,0.018
44,30,31 Mar 2021,NA,24
44,31,31 Mar 2021,NA,188
44,32,31 Mar 2021,NA,41
44,33,31 Mar 2021,NA,136.6
44,34,01 Mar 2021,NA,0.724
44,39,01 Dec 2020,536.613,750.355
44,18,31 Mar 2021,NA,40
44,19,31 Mar 2021,NA,102
44,35,31 Mar 2021,NA,0.807
44,36,31 Mar 2021,NA,7965.9
44,37,31 Mar 2021,NA,264.7
44,38,31 Mar 2021,NA,3876
63,1,20 Jun 2021,NA,1302
63,2,20 Jun 2021,NA,0.849
63,3,20 Jun 2021,NA,197
63,4,20 Jun 2021,NA,5
63,5,20 Jun 2021,NA,1
63,6,31 May 2021,1108,7039
63,7,31 May 2021,1,0.872
63,10,31 May 2021,0,900
63,12,31 May 2021,0,68
63,13,31 May 2021,0,8
63,14,31 May 2021,0.003,0.258
63,15,01 Oct 2018,NA,0.859
63,16,01 Oct 2018,NA,-0.099
63,25,29 Apr 2021,NA,118
63,26,29 Apr 2021,NA,47
63,27,01 Apr 2021,NA,3466
63,28,01 Apr 2021,0.051,0.055
63,29,01 Apr 2021,0.014,0.018
63,30,31 Mar 2021,NA,24
63,31,31 Mar 2021,NA,188
63,32,31 Mar 2021,NA,41
63,33,31 Mar 2021,NA,136.6
63,34,01 Mar 2021,NA,0.724
63,39,01 Dec 2020,88.613,750.355
63,18,31 Mar 2021,NA,40
63,19,31 Mar 2021,NA,102
63,35,31 Mar 2021,NA,0.807
63,36,31 Mar 2021,NA,7965.9
63,37,31 Mar 2021,NA,264.7
63,38,31 Mar 2021,NA,3876
72,1,20 Jun 2021,NA,1322
72,2,20 Jun 2021,NA,0.715
72,3,20 Jun 2021,NA,377
72,4,20 Jun 2021,NA,18
72,5,20 Jun 2021,NA,2
72,6,31 May 2021,NA,6424
72,7,31 May 2021,NA,0.838
72,10,31 May 2021,NA,1041
72,12,31 May 2021,NA,59
72,13,31 May 2021,NA,7
72,14,31 May 2021,NA,0.245
72,15,01 Oct 2018,NA,0.876
72,16,01 Oct 2018,NA,-0.189
72,25,29 Apr 2021,NA,67
72,26,29 Apr 2021,NA,31
72,27,01 Apr 2021,NA,2020
72,28,01 Apr 2021,0.031,0.051
72,29,01 Apr 2021,0,0.001
72,30,31 Mar 2021,NA,28
72,31,31 Mar 2021,NA,238
72,32,31 Mar 2021,NA,51
72,33,31 Mar 2021,NA,363
72,34,01 Mar 2021,NA,0.683
72,39,01 Dec 2020,69,716.742
72,18,31 Mar 2021,NA,42
72,19,31 Mar 2021,NA,90
72,35,31 Mar 2021,NA,0.878
72,36,31 Mar 2021,NA,5784.5
72,37,31 Mar 2021,NA,244.6
72,38,31 Mar 2021,NA,2957.8
15,1,20 Jun 2021,1322,1322
15,2,20 Jun 2021,0.715,0.715
15,3,20 Jun 2021,377,377
15,4,20 Jun 2021,18,18
15,5,20 Jun 2021,2,2
15,6,31 May 2021,4829,6424
15,7,31 May 2021,0.785,0.838
15,10,31 May 2021,1039,1041
15,12,31 May 2021,59,59
15,13,31 May 2021,7,7
15,14,31 May 2021,0.323,0.245
15,15,01 Oct 2018,0.876,0.876
15,16,01 Oct 2018,-0.189,-0.189
15,25,29 Apr 2021,NA,67
15,26,29 Apr 2021,NA,31
15,27,01 Apr 2021,NA,2020
15,28,01 Apr 2021,0.055,0.051
15,29,01 Apr 2021,0.001,0.001
15,30,31 Mar 2021,NA,28
15,31,31 Mar 2021,NA,238
15,32,31 Mar 2021,NA,51
15,33,31 Mar 2021,NA,363
15,34,01 Mar 2021,NA,0.683
15,39,01 Dec 2020,563.71,716.742
15,18,31 Mar 2021,NA,42
15,19,31 Mar 2021,NA,90
15,35,31 Mar 2021,NA,0.878
15,36,31 Mar 2021,NA,5784.5
15,37,31 Mar 2021,NA,244.6
15,38,31 Mar 2021,NA,2957.8
3,1,20 Jun 2021,1009,1945
3,2,20 Jun 2021,0.792,0.863
3,3,20 Jun 2021,210,267
3,4,20 Jun 2021,22,24
3,5,20 Jun 2021,5,5
3,6,31 May 2021,4246,8881
3,7,31 May 2021,0.809,0.877
3,10,31 May 2021,809,1096
3,12,31 May 2021,52,72
3,13,31 May 2021,4,6
3,14,31 May 2021,0.31,0.228
3,15,01 Oct 2018,0.874,0.948
3,16,01 Oct 2018,-0.049,-0.041
3,25,29 Apr 2021,NA,60
3,26,29 Apr 2021,NA,33
3,27,01 Apr 2021,NA,1598
3,28,01 Apr 2021,0.098,0.082
3,29,01 Apr 2021,0.02,0.02
3,30,31 Mar 2021,NA,35
3,31,31 Mar 2021,NA,202
3,32,31 Mar 2021,NA,44
3,33,31 Mar 2021,NA,364
3,34,01 Mar 2021,NA,0
3,39,01 Dec 2020,670.323,956.516
3,18,31 Mar 2021,NA,48
3,19,31 Mar 2021,NA,97
3,35,31 Mar 2021,NA,0.489
3,36,31 Mar 2021,NA,13636.3
3,37,31 Mar 2021,NA,549.3
3,38,31 Mar 2021,NA,5900.4
68,1,20 Jun 2021,NA,1945
68,2,20 Jun 2021,NA,0.863
68,3,20 Jun 2021,NA,267
68,4,20 Jun 2021,NA,24
68,5,20 Jun 2021,NA,5
68,6,31 May 2021,NA,8881
68,7,31 May 2021,NA,0.877
68,10,31 May 2021,NA,1096
68,12,31 May 2021,NA,72
68,13,31 May 2021,NA,6
68,14,31 May 2021,NA,0.228
68,15,01 Oct 2018,NA,0.948
68,16,01 Oct 2018,NA,-0.041
68,25,29 Apr 2021,NA,60
68,26,29 Apr 2021,NA,33
68,27,01 Apr 2021,NA,1598
68,28,01 Apr 2021,0.014,0.082
68,29,01 Apr 2021,0.005,0.02
68,30,31 Mar 2021,NA,35
68,31,31 Mar 2021,NA,202
68,32,31 Mar 2021,NA,44
68,33,31 Mar 2021,NA,364
68,34,01 Mar 2021,NA,0
68,39,01 Dec 2020,156.129,956.516
68,18,31 Mar 2021,NA,48
68,19,31 Mar 2021,NA,97
68,35,31 Mar 2021,NA,0.489
68,36,31 Mar 2021,NA,13636.3
68,37,31 Mar 2021,NA,549.3
68,38,31 Mar 2021,NA,5900.4
32,1,20 Jun 2021,364,1945
32,2,20 Jun 2021,0.978,0.863
32,3,20 Jun 2021,8,267
32,4,20 Jun 2021,0,24
32,5,20 Jun 2021,0,5
32,6,31 May 2021,1396,8881
32,7,31 May 2021,0.978,0.877
32,10,31 May 2021,31,1096
32,12,31 May 2021,1,72
32,13,31 May 2021,0,6
32,14,31 May 2021,0.073,0.228
32,15,01 Oct 2018,NA,0.948
32,16,01 Oct 2018,NA,-0.041
32,25,29 Apr 2021,NA,60
32,26,29 Apr 2021,NA,33
32,27,01 Apr 2021,NA,1598
32,28,01 Apr 2021,0.071,0.082
32,29,01 Apr 2021,0.026,0.02
32,30,31 Mar 2021,NA,35
32,31,31 Mar 2021,NA,202
32,32,31 Mar 2021,NA,44
32,33,31 Mar 2021,NA,364
32,34,01 Mar 2021,NA,0
32,39,01 Dec 2020,23.581,956.516
32,18,31 Mar 2021,NA,48
32,19,31 Mar 2021,NA,97
32,35,31 Mar 2021,NA,0.489
32,36,31 Mar 2021,NA,13636.3
32,37,31 Mar 2021,NA,549.3
32,38,31 Mar 2021,NA,5900.4
11,1,20 Jun 2021,572,1945
11,2,20 Jun 2021,0.914,0.863
11,3,20 Jun 2021,49,267
11,4,20 Jun 2021,2,24
11,5,20 Jun 2021,0,5
11,6,31 May 2021,2162,8881
11,7,31 May 2021,0.883,0.877
11,10,31 May 2021,252,1096
11,12,31 May 2021,19,72
11,13,31 May 2021,2,6
11,14,31 May 2021,0.283,0.228
11,15,01 Oct 2018,0.954,0.948
11,16,01 Oct 2018,-0.049,-0.041
11,25,29 Apr 2021,NA,60
11,26,29 Apr 2021,NA,33
11,27,01 Apr 2021,NA,1598
11,28,01 Apr 2021,0.079,0.082
11,29,01 Apr 2021,0.027,0.02
11,30,31 Mar 2021,NA,35
11,31,31 Mar 2021,NA,202
11,32,31 Mar 2021,NA,44
11,33,31 Mar 2021,NA,364
11,34,01 Mar 2021,NA,0
11,39,01 Dec 2020,86.065,956.516
11,18,31 Mar 2021,NA,48
11,19,31 Mar 2021,NA,97
11,35,31 Mar 2021,NA,0.489
11,36,31 Mar 2021,NA,13636.3
11,37,31 Mar 2021,NA,549.3
11,38,31 Mar 2021,NA,5900.4
65,1,20 Jun 2021,NA,7179
65,2,20 Jun 2021,NA,0.862
65,3,20 Jun 2021,NA,991
65,4,20 Jun 2021,NA,58
65,5,20 Jun 2021,NA,1
65,6,31 May 2021,1366,33638
65,7,31 May 2021,0.964,0.918
65,10,31 May 2021,49,2760
65,12,31 May 2021,4,118
65,13,31 May 2021,0,6
65,14,31 May 2021,0.13,0.256
65,15,01 Oct 2018,NA,0.869
65,16,01 Oct 2018,NA,-0.144
65,25,29 Apr 2021,NA,279
65,26,29 Apr 2021,NA,120
65,27,01 Apr 2021,NA,8195
65,28,01 Apr 2021,0.058,0.057
65,29,01 Apr 2021,0,0.011
65,30,31 Mar 2021,NA,31
65,31,31 Mar 2021,NA,339
65,32,31 Mar 2021,NA,25
65,33,31 Mar 2021,NA,362
65,34,01 Mar 2021,NA,0.783
65,39,01 Dec 2020,79.129,3723.484
65,18,31 Mar 2021,NA,44
65,19,31 Mar 2021,NA,89
65,35,31 Mar 2021,NA,0.577
65,36,31 Mar 2021,NA,35762.4
65,37,31 Mar 2021,NA,1650.7
65,38,31 Mar 2021,NA,16314.3
23,1,20 Jun 2021,636,7179
23,2,20 Jun 2021,0.906,0.862
23,3,20 Jun 2021,60,991
23,4,20 Jun 2021,12,58
23,5,20 Jun 2021,0,1
23,6,31 May 2021,2714,33638
23,7,31 May 2021,0.929,0.918
23,10,31 May 2021,194,2760
23,12,31 May 2021,7,118
23,13,31 May 2021,0,6
23,14,31 May 2021,0.24,0.256
23,15,01 Oct 2018,1.058,0.869
23,16,01 Oct 2018,-0.213,-0.144
23,25,29 Apr 2021,NA,279
23,26,29 Apr 2021,NA,120
23,27,01 Apr 2021,NA,8195
23,28,01 Apr 2021,0.082,0.057
23,29,01 Apr 2021,0.007,0.011
23,30,31 Mar 2021,NA,31
23,31,31 Mar 2021,NA,339
23,32,31 Mar 2021,NA,25
23,33,31 Mar 2021,NA,362
23,34,01 Mar 2021,NA,0.783
23,39,01 Dec 2020,262.806,3723.484
23,18,31 Mar 2021,NA,44
23,19,31 Mar 2021,NA,89
23,35,31 Mar 2021,NA,0.577
23,36,31 Mar 2021,NA,35762.4
23,37,31 Mar 2021,NA,1650.7
23,38,31 Mar 2021,NA,16314.3
33,1,20 Jun 2021,1358,7179
33,2,20 Jun 2021,0.812,0.862
33,3,20 Jun 2021,255,991
33,4,20 Jun 2021,9,58
33,5,20 Jun 2021,0,1
33,6,31 May 2021,5271,33638
33,7,31 May 2021,0.87,0.918
33,10,31 May 2021,684,2760
33,12,31 May 2021,47,118
33,13,31 May 2021,6,6
33,14,31 May 2021,0.314,0.256
33,15,01 Oct 2018,0.955,0.869
33,16,01 Oct 2018,-0.143,-0.144
33,25,29 Apr 2021,NA,279
33,26,29 Apr 2021,NA,120
33,27,01 Apr 2021,NA,8195
33,28,01 Apr 2021,0.06,0.057
33,29,01 Apr 2021,0.005,0.011
33,30,31 Mar 2021,NA,31
33,31,31 Mar 2021,NA,339
33,32,31 Mar 2021,NA,25
33,33,31 Mar 2021,NA,362
33,34,01 Mar 2021,NA,0.783
33,39,01 Dec 2020,475.581,3723.484
33,18,31 Mar 2021,NA,44
33,19,31 Mar 2021,NA,89
33,35,31 Mar 2021,NA,0.577
33,36,31 Mar 2021,NA,35762.4
33,37,31 Mar 2021,NA,1650.7
33,38,31 Mar 2021,NA,16314.3
20,1,20 Jun 2021,1705,7179
20,2,20 Jun 2021,0.853,0.862
20,3,20 Jun 2021,250,991
20,4,20 Jun 2021,9,58
20,5,20 Jun 2021,0,1
20,6,31 May 2021,6865,33638
20,7,31 May 2021,0.915,0.918
20,10,31 May 2021,586,2760
20,12,31 May 2021,24,118
20,13,31 May 2021,0,6
20,14,31 May 2021,0.307,0.256
20,15,01 Oct 2018,0.827,0.869
20,16,01 Oct 2018,-0.12,-0.144
20,25,29 Apr 2021,NA,279
20,26,29 Apr 2021,NA,120
20,27,01 Apr 2021,NA,8195
20,28,01 Apr 2021,0.034,0.057
20,29,01 Apr 2021,0.002,0.011
20,30,31 Mar 2021,NA,31
20,31,31 Mar 2021,NA,339
20,32,31 Mar 2021,NA,25
20,33,31 Mar 2021,NA,362
20,34,01 Mar 2021,NA,0.783
20,39,01 Dec 2020,894.677,3723.484
20,18,31 Mar 2021,NA,44
20,19,31 Mar 2021,NA,89
20,35,31 Mar 2021,NA,0.577
20,36,31 Mar 2021,NA,35762.4
20,37,31 Mar 2021,NA,1650.7
20,38,31 Mar 2021,NA,16314.3
67,1,20 Jun 2021,NA,7179
67,2,20 Jun 2021,NA,0.862
67,3,20 Jun 2021,NA,991
67,4,20 Jun 2021,NA,58
67,5,20 Jun 2021,NA,1
67,6,31 May 2021,1876,33638
67,7,31 May 2021,0.998,0.918
67,10,31 May 2021,3,2760
67,12,31 May 2021,0,118
67,13,31 May 2021,0,6
67,14,31 May 2021,0.001,0.256
67,15,01 Oct 2018,NA,0.869
67,16,01 Oct 2018,NA,-0.144
67,25,29 Apr 2021,NA,279
67,26,29 Apr 2021,NA,120
67,27,01 Apr 2021,NA,8195
67,28,01 Apr 2021,0.07,0.057
67,29,01 Apr 2021,0.018,0.011
67,30,31 Mar 2021,NA,31
67,31,31 Mar 2021,NA,339
67,32,31 Mar 2021,NA,25
67,33,31 Mar 2021,NA,362
67,34,01 Mar 2021,NA,0.783
67,39,01 Dec 2020,50.71,3723.484
67,18,31 Mar 2021,NA,44
67,19,31 Mar 2021,NA,89
67,35,31 Mar 2021,NA,0.577
67,36,31 Mar 2021,NA,35762.4
67,37,31 Mar 2021,NA,1650.7
67,38,31 Mar 2021,NA,16314.3
66,1,20 Jun 2021,NA,7179
66,2,20 Jun 2021,NA,0.862
66,3,20 Jun 2021,NA,991
66,4,20 Jun 2021,NA,58
66,5,20 Jun 2021,NA,1
66,6,31 May 2021,1896,33638
66,7,31 May 2021,0.999,0.918
66,10,31 May 2021,1,2760
66,12,31 May 2021,0,118
66,13,31 May 2021,0,6
66,14,31 May 2021,0,0.256
66,15,01 Oct 2018,NA,0.869
66,16,01 Oct 2018,NA,-0.144
66,25,29 Apr 2021,NA,279
66,26,29 Apr 2021,NA,120
66,27,01 Apr 2021,NA,8195
66,28,01 Apr 2021,0.061,0.057
66,29,01 Apr 2021,0.007,0.011
66,30,31 Mar 2021,NA,31
66,31,31 Mar 2021,NA,339
66,32,31 Mar 2021,NA,25
66,33,31 Mar 2021,NA,362
66,34,01 Mar 2021,NA,0.783
66,39,01 Dec 2020,54.677,3723.484
66,18,31 Mar 2021,NA,44
66,19,31 Mar 2021,NA,89
66,35,31 Mar 2021,NA,0.577
66,36,31 Mar 2021,NA,35762.4
66,37,31 Mar 2021,NA,1650.7
66,38,31 Mar 2021,NA,16314.3
59,1,20 Jun 2021,1961,7179
59,2,20 Jun 2021,0.789,0.862
59,3,20 Jun 2021,413,991
59,4,20 Jun 2021,28,58
59,5,20 Jun 2021,1,1
59,6,31 May 2021,7921,33638
59,7,31 May 2021,0.851,0.918
59,10,31 May 2021,1184,2760
59,12,31 May 2021,35,118
59,13,31 May 2021,0,6
59,14,31 May 2021,0.369,0.256
59,15,01 Oct 2018,0.814,0.869
59,16,01 Oct 2018,-0.15,-0.144
59,25,29 Apr 2021,NA,279
59,26,29 Apr 2021,NA,120
59,27,01 Apr 2021,NA,8195
59,28,01 Apr 2021,0.076,0.057
59,29,01 Apr 2021,0.029,0.011
59,30,31 Mar 2021,NA,31
59,31,31 Mar 2021,NA,339
59,32,31 Mar 2021,NA,25
59,33,31 Mar 2021,NA,362
59,34,01 Mar 2021,NA,0.783
59,39,01 Dec 2020,1422.419,3723.484
59,18,31 Mar 2021,NA,44
59,19,31 Mar 2021,NA,89
59,35,31 Mar 2021,NA,0.577
59,36,31 Mar 2021,NA,35762.4
59,37,31 Mar 2021,NA,1650.7
59,38,31 Mar 2021,NA,16314.3
64,1,20 Jun 2021,NA,7179
64,2,20 Jun 2021,NA,0.862
64,3,20 Jun 2021,NA,991
64,4,20 Jun 2021,NA,58
64,5,20 Jun 2021,NA,1
64,6,31 May 2021,NA,33638
64,7,31 May 2021,NA,0.918
64,10,31 May 2021,NA,2760
64,12,31 May 2021,NA,118
64,13,31 May 2021,NA,6
64,14,31 May 2021,NA,0.256
64,15,01 Oct 2018,NA,0.869
64,16,01 Oct 2018,NA,-0.144
64,25,29 Apr 2021,NA,279
64,26,29 Apr 2021,NA,120
64,27,01 Apr 2021,NA,8195
64,28,01 Apr 2021,0.035,0.057
64,29,01 Apr 2021,0.013,0.011
64,30,31 Mar 2021,NA,31
64,31,31 Mar 2021,NA,339
64,32,31 Mar 2021,NA,25
64,33,31 Mar 2021,NA,362
64,34,01 Mar 2021,NA,0.783
64,39,01 Dec 2020,290.097,3723.484
64,18,31 Mar 2021,NA,44
64,19,31 Mar 2021,NA,89
64,35,31 Mar 2021,NA,0.577
64,36,31 Mar 2021,NA,35762.4
64,37,31 Mar 2021,NA,1650.7
64,38,31 Mar 2021,NA,16314.3
36,1,20 Jun 2021,1519,7179
36,2,20 Jun 2021,0.991,0.862
36,3,20 Jun 2021,13,991
36,4,20 Jun 2021,0,58
36,5,20 Jun 2021,0,1
36,6,31 May 2021,5722,33638
36,7,31 May 2021,0.99,0.918
36,10,31 May 2021,59,2760
36,12,31 May 2021,1,118
36,13,31 May 2021,0,6
36,14,31 May 2021,0.194,0.256
36,15,01 Oct 2018,NA,0.869
36,16,01 Oct 2018,NA,-0.144
36,25,29 Apr 2021,NA,279
36,26,29 Apr 2021,NA,120
36,27,01 Apr 2021,NA,8195
36,28,01 Apr 2021,0.045,0.057
36,29,01 Apr 2021,0.007,0.011
36,30,31 Mar 2021,NA,31
36,31,31 Mar 2021,NA,339
36,32,31 Mar 2021,NA,25
36,33,31 Mar 2021,NA,362
36,34,01 Mar 2021,NA,0.783
36,39,01 Dec 2020,113.774,3723.484
36,18,31 Mar 2021,NA,44
36,19,31 Mar 2021,NA,89
36,35,31 Mar 2021,NA,0.577
36,36,31 Mar 2021,NA,35762.4
36,37,31 Mar 2021,NA,1650.7
36,38,31 Mar 2021,NA,16314.3
24,1,20 Jun 2021,207,1333
24,2,20 Jun 2021,0.957,0.89
24,3,20 Jun 2021,9,147
24,4,20 Jun 2021,0,9
24,5,20 Jun 2021,0,1
24,6,31 May 2021,724,7829
24,7,31 May 2021,0.961,0.938
24,10,31 May 2021,28,487
24,12,31 May 2021,1,25
24,13,31 May 2021,1,2
24,14,31 May 2021,0.222,0.159
24,15,01 Oct 2018,0.821,0.947
24,16,01 Oct 2018,-0.008,-0.025
24,25,29 Apr 2021,NA,94
24,26,29 Apr 2021,NA,62
24,27,01 Apr 2021,NA,2368
24,28,01 Apr 2021,0.022,0.053
24,29,01 Apr 2021,0,0.005
24,30,31 Mar 2021,NA,40
24,31,31 Mar 2021,NA,193.6
24,32,31 Mar 2021,NA,31
24,33,31 Mar 2021,NA,178.6
24,34,01 Mar 2021,NA,0.747
24,39,01 Dec 2020,42.548,511.065
24,18,31 Mar 2021,NA,44
24,19,31 Mar 2021,NA,121
24,35,31 Mar 2021,NA,0.73
24,36,31 Mar 2021,NA,8521.6
24,37,31 Mar 2021,NA,254.8
24,38,31 Mar 2021,NA,3204.5
10,1,20 Jun 2021,176,1333
10,2,20 Jun 2021,0.909,0.89
10,3,20 Jun 2021,16,147
10,4,20 Jun 2021,1,9
10,5,20 Jun 2021,0,1
10,6,31 May 2021,738,7829
10,7,31 May 2021,0.951,0.938
10,10,31 May 2021,36,487
10,12,31 May 2021,2,25
10,13,31 May 2021,1,2
10,14,31 May 2021,0.213,0.159
10,15,01 Oct 2018,0.938,0.947
10,16,01 Oct 2018,-0.115,-0.025
10,25,29 Apr 2021,NA,94
10,26,29 Apr 2021,NA,62
10,27,01 Apr 2021,NA,2368
10,28,01 Apr 2021,0.036,0.053
10,29,01 Apr 2021,0,0.005
10,30,31 Mar 2021,NA,40
10,31,31 Mar 2021,NA,193.6
10,32,31 Mar 2021,NA,31
10,33,31 Mar 2021,NA,178.6
10,34,01 Mar 2021,NA,0.747
10,39,01 Dec 2020,38.258,511.065
10,18,31 Mar 2021,NA,44
10,19,31 Mar 2021,NA,121
10,35,31 Mar 2021,NA,0.73
10,36,31 Mar 2021,NA,8521.6
10,37,31 Mar 2021,NA,254.8
10,38,31 Mar 2021,NA,3204.5
31,1,20 Jun 2021,750,1333
31,2,20 Jun 2021,0.853,0.89
31,3,20 Jun 2021,110,147
31,4,20 Jun 2021,8,9
31,5,20 Jun 2021,1,1
31,6,31 May 2021,2920,7829
31,7,31 May 2021,0.881,0.938
31,10,31 May 2021,348,487
31,12,31 May 2021,22,25
31,13,31 May 2021,0,2
31,14,31 May 2021,0.268,0.159
31,15,01 Oct 2018,0.804,0.947
31,16,01 Oct 2018,0.032,-0.025
31,25,29 Apr 2021,NA,94
31,26,29 Apr 2021,NA,62
31,27,01 Apr 2021,NA,2368
31,28,01 Apr 2021,0.059,0.053
31,29,01 Apr 2021,0.006,0.005
31,30,31 Mar 2021,NA,40
31,31,31 Mar 2021,NA,193.6
31,32,31 Mar 2021,NA,31
31,33,31 Mar 2021,NA,178.6
31,34,01 Mar 2021,NA,0.747
31,39,01 Dec 2020,352.581,511.065
31,18,31 Mar 2021,NA,44
31,19,31 Mar 2021,NA,121
31,35,31 Mar 2021,NA,0.73
31,36,31 Mar 2021,NA,8521.6
31,37,31 Mar 2021,NA,254.8
31,38,31 Mar 2021,NA,3204.5
7,1,20 Jun 2021,200,1333
7,2,20 Jun 2021,0.94,0.89
7,3,20 Jun 2021,12,147
7,4,20 Jun 2021,0,9
7,5,20 Jun 2021,0,1
7,6,31 May 2021,696,7829
7,7,31 May 2021,0.927,0.938
7,10,31 May 2021,51,487
7,12,31 May 2021,0,25
7,13,31 May 2021,0,2
7,14,31 May 2021,0.203,0.159
7,15,01 Oct 2018,0.93,0.947
7,16,01 Oct 2018,-0.013,-0.025
7,25,29 Apr 2021,NA,94
7,26,29 Apr 2021,NA,62
7,27,01 Apr 2021,NA,2368
7,28,01 Apr 2021,0.042,0.053
7,29,01 Apr 2021,0,0.005
7,30,31 Mar 2021,NA,40
7,31,31 Mar 2021,NA,193.6
7,32,31 Mar 2021,NA,31
7,33,31 Mar 2021,NA,178.6
7,34,01 Mar 2021,NA,0.747
7,39,01 Dec 2020,27.645,511.065
7,18,31 Mar 2021,NA,44
7,19,31 Mar 2021,NA,121
7,35,31 Mar 2021,NA,0.73
7,36,31 Mar 2021,NA,8521.6
7,37,31 Mar 2021,NA,254.8
7,38,31 Mar 2021,NA,3204.5
25,1,20 Jun 2021,1460,4459
25,2,20 Jun 2021,0.79,0.752
25,3,20 Jun 2021,306,1106
25,4,20 Jun 2021,30,130
25,5,20 Jun 2021,8,23
25,6,31 May 2021,6093,18645
25,7,31 May 2021,0.858,0.796
25,10,31 May 2021,863,3804
25,12,31 May 2021,82,482
25,13,31 May 2021,22,90
25,14,31 May 2021,0.322,0.304
25,15,01 Oct 2018,0.68,0.753
25,16,01 Oct 2018,-0.224,-0.259
25,25,29 Apr 2021,NA,89
25,26,29 Apr 2021,NA,44
25,27,01 Apr 2021,NA,2919
25,28,01 Apr 2021,0.074,0.074
25,29,01 Apr 2021,0.009,0.012
25,30,31 Mar 2021,NA,37
25,31,31 Mar 2021,NA,187
25,32,31 Mar 2021,NA,52
25,33,31 Mar 2021,NA,374.6
25,34,01 Mar 2021,NA,0.724
25,39,01 Dec 2020,434.484,1288.742
25,18,31 Mar 2021,NA,40
25,19,31 Mar 2021,NA,94
25,35,31 Mar 2021,NA,0.601
25,36,31 Mar 2021,NA,12299.1
25,37,31 Mar 2021,NA,526.1
25,38,31 Mar 2021,NA,6050.8
22,1,20 Jun 2021,1382,4459
22,2,20 Jun 2021,0.729,0.752
22,3,20 Jun 2021,374,1106
22,4,20 Jun 2021,27,130
22,5,20 Jun 2021,8,23
22,6,31 May 2021,5674,18645
22,7,31 May 2021,0.781,0.796
22,10,31 May 2021,1245,3804
22,12,31 May 2021,92,482
22,13,31 May 2021,20,90
22,14,31 May 2021,0.267,0.304
22,15,01 Oct 2018,0.765,0.753
22,16,01 Oct 2018,-0.187,-0.259
22,25,29 Apr 2021,NA,89
22,26,29 Apr 2021,NA,44
22,27,01 Apr 2021,NA,2919
22,28,01 Apr 2021,0.083,0.074
22,29,01 Apr 2021,0.01,0.012
22,30,31 Mar 2021,NA,37
22,31,31 Mar 2021,NA,187
22,32,31 Mar 2021,NA,52
22,33,31 Mar 2021,NA,374.6
22,34,01 Mar 2021,NA,0.724
22,39,01 Dec 2020,416.581,1288.742
22,18,31 Mar 2021,NA,40
22,19,31 Mar 2021,NA,94
22,35,31 Mar 2021,NA,0.601
22,36,31 Mar 2021,NA,12299.1
22,37,31 Mar 2021,NA,526.1
22,38,31 Mar 2021,NA,6050.8
50,1,20 Jun 2021,1617,4459
50,2,20 Jun 2021,0.737,0.752
50,3,20 Jun 2021,426,1106
50,4,20 Jun 2021,73,130
50,5,20 Jun 2021,7,23
50,6,31 May 2021,6878,18645
50,7,31 May 2021,0.753,0.796
50,10,31 May 2021,1696,3804
50,12,31 May 2021,308,482
50,13,31 May 2021,48,90
50,14,31 May 2021,0.318,0.304
50,15,01 Oct 2018,0.807,0.753
50,16,01 Oct 2018,-0.306,-0.259
50,25,29 Apr 2021,NA,89
50,26,29 Apr 2021,NA,44
50,27,01 Apr 2021,NA,2919
50,28,01 Apr 2021,0.049,0.074
50,29,01 Apr 2021,0.027,0.012
50,30,31 Mar 2021,NA,37
50,31,31 Mar 2021,NA,187
50,32,31 Mar 2021,NA,52
50,33,31 Mar 2021,NA,374.6
50,34,01 Mar 2021,NA,0.724
50,39,01 Dec 2020,417.677,1288.742
50,18,31 Mar 2021,NA,40
50,19,31 Mar 2021,NA,94
50,35,31 Mar 2021,NA,0.601
50,36,31 Mar 2021,NA,12299.1
50,37,31 Mar 2021,NA,526.1
50,38,31 Mar 2021,NA,6050.8
70,1,20 Jun 2021,NA,4892
70,2,20 Jun 2021,NA,0.802
70,3,20 Jun 2021,NA,967
70,4,20 Jun 2021,NA,140
70,5,20 Jun 2021,NA,23
70,6,31 May 2021,NA,23061
70,7,31 May 2021,NA,0.824
70,10,31 May 2021,NA,4057
70,12,31 May 2021,NA,552
70,13,31 May 2021,NA,135
70,14,31 May 2021,NA,0.271
70,15,01 Oct 2018,NA,0.829
70,16,01 Oct 2018,NA,-0.097
70,25,29 Apr 2021,NA,158
70,26,29 Apr 2021,NA,87
70,27,01 Apr 2021,NA,5154
70,28,01 Apr 2021,NA,0.069
70,29,01 Apr 2021,NA,0.012
70,30,31 Mar 2021,NA,29
70,31,31 Mar 2021,NA,315
70,32,31 Mar 2021,NA,41
70,33,31 Mar 2021,NA,347
70,34,01 Mar 2021,NA,0.773
70,39,01 Dec 2020,NA,2157.258
70,18,31 Mar 2021,NA,42
70,19,31 Mar 2021,NA,96
70,35,31 Mar 2021,NA,0.624
70,36,31 Mar 2021,NA,22682.2
70,37,31 Mar 2021,NA,1009.8
70,38,31 Mar 2021,NA,10004.3
69,1,20 Jun 2021,NA,4892
69,2,20 Jun 2021,NA,0.802
69,3,20 Jun 2021,NA,967
69,4,20 Jun 2021,NA,140
69,5,20 Jun 2021,NA,23
69,6,31 May 2021,3096,23061
69,7,31 May 2021,0.728,0.824
69,10,31 May 2021,843,4057
69,12,31 May 2021,98,552
69,13,31 May 2021,14,135
69,14,31 May 2021,0.383,0.271
69,15,01 Oct 2018,0.724,0.829
69,16,01 Oct 2018,-0.103,-0.097
69,25,29 Apr 2021,NA,158
69,26,29 Apr 2021,NA,87
69,27,01 Apr 2021,NA,5154
69,28,01 Apr 2021,0.072,0.069
69,29,01 Apr 2021,0.004,0.012
69,30,31 Mar 2021,NA,29
69,31,31 Mar 2021,NA,315
69,32,31 Mar 2021,NA,41
69,33,31 Mar 2021,NA,347
69,34,01 Mar 2021,NA,0.773
69,39,01 Dec 2020,626.613,2157.258
69,18,31 Mar 2021,NA,42
69,19,31 Mar 2021,NA,96
69,35,31 Mar 2021,NA,0.624
69,36,31 Mar 2021,NA,22682.2
69,37,31 Mar 2021,NA,1009.8
69,38,31 Mar 2021,NA,10004.3
35,1,20 Jun 2021,1221,4892
35,2,20 Jun 2021,0.972,0.802
35,3,20 Jun 2021,34,967
35,4,20 Jun 2021,1,140
35,5,20 Jun 2021,1,23
35,6,31 May 2021,4529,23061
35,7,31 May 2021,0.973,0.824
35,10,31 May 2021,122,4057
35,12,31 May 2021,3,552
35,13,31 May 2021,1,135
35,14,31 May 2021,0.115,0.271
35,15,01 Oct 2018,NA,0.829
35,16,01 Oct 2018,NA,-0.097
35,25,29 Apr 2021,NA,158
35,26,29 Apr 2021,NA,87
35,27,01 Apr 2021,NA,5154
35,28,01 Apr 2021,NA,0.069
35,29,01 Apr 2021,NA,0.012
35,30,31 Mar 2021,NA,29
35,31,31 Mar 2021,NA,315
35,32,31 Mar 2021,NA,41
35,33,31 Mar 2021,NA,347
35,34,01 Mar 2021,NA,0.773
35,39,01 Dec 2020,60.355,2157.258
35,18,31 Mar 2021,NA,42
35,19,31 Mar 2021,NA,96
35,35,31 Mar 2021,NA,0.624
35,36,31 Mar 2021,NA,22682.2
35,37,31 Mar 2021,NA,1009.8
35,38,31 Mar 2021,NA,10004.3
39,1,20 Jun 2021,1206,4892
39,2,20 Jun 2021,0.872,0.802
39,3,20 Jun 2021,154,967
39,4,20 Jun 2021,7,140
39,5,20 Jun 2021,1,23
39,6,31 May 2021,5001,23061
39,7,31 May 2021,0.884,0.824
39,10,31 May 2021,578,4057
39,12,31 May 2021,48,552
39,13,31 May 2021,9,135
39,14,31 May 2021,0.194,0.271
39,15,01 Oct 2018,0.776,0.829
39,16,01 Oct 2018,-0.135,-0.097
39,25,29 Apr 2021,NA,158
39,26,29 Apr 2021,NA,87
39,27,01 Apr 2021,NA,5154
39,28,01 Apr 2021,0.089,0.069
39,29,01 Apr 2021,0.008,0.012
39,30,31 Mar 2021,NA,29
39,31,31 Mar 2021,NA,315
39,32,31 Mar 2021,NA,41
39,33,31 Mar 2021,NA,347
39,34,01 Mar 2021,NA,0.773
39,39,01 Dec 2020,301.581,2157.258
39,18,31 Mar 2021,NA,42
39,19,31 Mar 2021,NA,96
39,35,31 Mar 2021,NA,0.624
39,36,31 Mar 2021,NA,22682.2
39,37,31 Mar 2021,NA,1009.8
39,38,31 Mar 2021,NA,10004.3
37,1,20 Jun 2021,2465,4892
37,2,20 Jun 2021,0.684,0.802
37,3,20 Jun 2021,779,967
37,4,20 Jun 2021,132,140
37,5,20 Jun 2021,21,23
37,6,31 May 2021,10271,23061
37,7,31 May 2021,0.755,0.824
37,10,31 May 2021,2514,4057
37,12,31 May 2021,403,552
37,13,31 May 2021,111,135
37,14,31 May 2021,0.349,0.271
37,15,01 Oct 2018,0.922,0.829
37,16,01 Oct 2018,-0.002,-0.097
37,25,29 Apr 2021,NA,158
37,26,29 Apr 2021,NA,87
37,27,01 Apr 2021,NA,5154
37,28,01 Apr 2021,0.049,0.069
37,29,01 Apr 2021,0.023,0.012
37,30,31 Mar 2021,NA,29
37,31,31 Mar 2021,NA,315
37,32,31 Mar 2021,NA,41
37,33,31 Mar 2021,NA,347
37,34,01 Mar 2021,NA,0.773
37,39,01 Dec 2020,919.968,2157.258
37,18,31 Mar 2021,NA,42
37,19,31 Mar 2021,NA,96
37,35,31 Mar 2021,NA,0.624
37,36,31 Mar 2021,NA,22682.2
37,37,31 Mar 2021,NA,1009.8
37,38,31 Mar 2021,NA,10004.3
62,1,20 Jun 2021,NA,NA
62,2,20 Jun 2021,NA,NA
62,3,20 Jun 2021,NA,NA
62,4,20 Jun 2021,NA,NA
62,5,20 Jun 2021,NA,NA
62,6,31 May 2021,NA,NA
62,7,31 May 2021,NA,NA
62,10,31 May 2021,NA,NA
62,12,31 May 2021,NA,NA
62,13,31 May 2021,NA,NA
62,14,31 May 2021,NA,NA
62,15,01 Oct 2018,0.882,0.882
62,16,01 Oct 2018,0.089,0.089
62,25,29 Apr 2021,NA,NA
62,26,29 Apr 2021,NA,NA
62,27,01 Apr 2021,NA,NA
62,28,01 Apr 2021,0.041,NA
62,29,01 Apr 2021,0.018,NA
62,30,31 Mar 2021,NA,15
62,31,31 Mar 2021,NA,44
62,32,31 Mar 2021,NA,33
62,33,31 Mar 2021,NA,196
62,34,01 Mar 2021,NA,0.89
62,39,01 Dec 2020,172.29,172.29
62,18,31 Mar 2021,NA,NA
62,19,31 Mar 2021,NA,NA
62,35,31 Mar 2021,NA,1
62,36,31 Mar 2021,NA,1907.2
62,37,31 Mar 2021,NA,94.7
62,38,31 Mar 2021,NA,832
57,1,20 Jun 2021,133,133
57,2,20 Jun 2021,0.985,0.985
57,3,20 Jun 2021,2,2
57,4,20 Jun 2021,0,0
57,5,20 Jun 2021,0,0
57,6,31 May 2021,498,498
57,7,31 May 2021,0.976,0.976
57,10,31 May 2021,12,12
57,12,31 May 2021,0,0
57,13,31 May 2021,0,0
57,14,31 May 2021,0.265,0.265
57,15,01 Oct 2018,0.9,0.9
57,16,01 Oct 2018,-0.32,-0.32
57,25,29 Apr 2021,NA,2
57,26,29 Apr 2021,NA,0
57,27,01 Apr 2021,NA,114
57,28,01 Apr 2021,0.057,0.057
57,29,01 Apr 2021,0.03,0.03
57,30,31 Mar 2021,NA,43
57,31,31 Mar 2021,NA,183.4
57,32,31 Mar 2021,NA,44
57,33,31 Mar 2021,NA,120
57,34,01 Mar 2021,NA,0.907
57,39,01 Dec 2020,36.968,36.968
57,18,31 Mar 2021,NA,51
57,19,31 Mar 2021,NA,67
57,35,31 Mar 2021,NA,0.602
57,36,31 Mar 2021,NA,575.7
57,37,31 Mar 2021,NA,6.6
57,38,31 Mar 2021,NA,209.7
18,1,20 Jun 2021,124,124
18,2,20 Jun 2021,0.984,0.984
18,3,20 Jun 2021,2,2
18,4,20 Jun 2021,0,0
18,5,20 Jun 2021,0,0
18,6,31 May 2021,523,523
18,7,31 May 2021,0.989,0.989
18,10,31 May 2021,6,6
18,12,31 May 2021,0,0
18,13,31 May 2021,0,0
18,14,31 May 2021,0.291,0.291
18,15,01 Oct 2018,1.116,1.116
18,16,01 Oct 2018,-0.031,-0.031
18,25,29 Apr 2021,NA,0
18,26,29 Apr 2021,NA,0
18,27,01 Apr 2021,NA,13
18,28,01 Apr 2021,0.073,0.073
18,29,01 Apr 2021,0.046,0.046
18,30,31 Mar 2021,NA,36
18,31,31 Mar 2021,NA,325
18,32,31 Mar 2021,NA,62
18,33,31 Mar 2021,NA,206.4
18,34,01 Mar 2021,NA,0.864
18,39,01 Dec 2020,61.613,61.613
18,18,31 Mar 2021,NA,48
18,19,31 Mar 2021,NA,58
18,35,31 Mar 2021,NA,0.584
18,36,31 Mar 2021,NA,667.4
18,37,31 Mar 2021,NA,12
18,38,31 Mar 2021,NA,213.8
27,1,20 Jun 2021,1127,1583
27,2,20 Jun 2021,0.929,0.92
27,3,20 Jun 2021,80,127
27,4,20 Jun 2021,0,3
27,5,20 Jun 2021,0,0
27,6,31 May 2021,4580,7453
27,7,31 May 2021,0.932,0.943
27,10,31 May 2021,311,422
27,12,31 May 2021,2,6
27,13,31 May 2021,0,0
27,14,31 May 2021,0.352,0.255
27,15,01 Oct 2018,0.75,0.796
27,16,01 Oct 2018,-0.143,-0.109
27,25,29 Apr 2021,NA,61
27,26,29 Apr 2021,NA,13
27,27,01 Apr 2021,NA,1864
27,28,01 Apr 2021,0.049,0.048
27,29,01 Apr 2021,0.014,0.015
27,30,31 Mar 2021,NA,26
27,31,31 Mar 2021,NA,221
27,32,31 Mar 2021,NA,59
27,33,31 Mar 2021,NA,271.4
27,34,01 Mar 2021,NA,0.767
27,39,01 Dec 2020,674.258,1051.677
27,18,31 Mar 2021,NA,34
27,19,31 Mar 2021,NA,70
27,35,31 Mar 2021,NA,0.612
27,36,31 Mar 2021,NA,12169.5
27,37,31 Mar 2021,NA,481.4
27,38,31 Mar 2021,NA,5358.8
28,1,20 Jun 2021,456,1583
28,2,20 Jun 2021,0.897,0.92
28,3,20 Jun 2021,47,127
28,4,20 Jun 2021,3,3
28,5,20 Jun 2021,0,0
28,6,31 May 2021,1807,7453
28,7,31 May 2021,0.939,0.943
28,10,31 May 2021,111,422
28,12,31 May 2021,4,6
28,13,31 May 2021,0,0
28,14,31 May 2021,0.16,0.255
28,15,01 Oct 2018,0.762,0.796
28,16,01 Oct 2018,-0.05,-0.109
28,25,29 Apr 2021,NA,61
28,26,29 Apr 2021,NA,13
28,27,01 Apr 2021,NA,1864
28,28,01 Apr 2021,0.047,0.048
28,29,01 Apr 2021,0.018,0.015
28,30,31 Mar 2021,NA,26
28,31,31 Mar 2021,NA,221
28,32,31 Mar 2021,NA,59
28,33,31 Mar 2021,NA,271.4
28,34,01 Mar 2021,NA,0.767
28,39,01 Dec 2020,185.903,1051.677
28,18,31 Mar 2021,NA,34
28,19,31 Mar 2021,NA,70
28,35,31 Mar 2021,NA,0.612
28,36,31 Mar 2021,NA,12169.5
28,37,31 Mar 2021,NA,481.4
28,38,31 Mar 2021,NA,5358.8
71,1,20 Jun 2021,NA,1583
71,2,20 Jun 2021,NA,0.92
71,3,20 Jun 2021,NA,127
71,4,20 Jun 2021,NA,3
71,5,20 Jun 2021,NA,0
71,6,31 May 2021,NA,7453
71,7,31 May 2021,NA,0.943
71,10,31 May 2021,NA,422
71,12,31 May 2021,NA,6
71,13,31 May 2021,NA,0
71,14,31 May 2021,NA,0.255
71,15,01 Oct 2018,2.209,0.796
71,16,01 Oct 2018,0.718,-0.109
71,25,29 Apr 2021,NA,61
71,26,29 Apr 2021,NA,13
71,27,01 Apr 2021,NA,1864
71,28,01 Apr 2021,0.044,0.048
71,29,01 Apr 2021,0.015,0.015
71,30,31 Mar 2021,NA,26
71,31,31 Mar 2021,NA,221
71,32,31 Mar 2021,NA,59
71,33,31 Mar 2021,NA,271.4
71,34,01 Mar 2021,NA,0.767
71,39,01 Dec 2020,30,1051.677
71,18,31 Mar 2021,NA,34
71,19,31 Mar 2021,NA,70
71,35,31 Mar 2021,NA,0.612
71,36,31 Mar 2021,NA,12169.5
71,37,31 Mar 2021,NA,481.4
71,38,31 Mar 2021,NA,5358.8
49,1,20 Jun 2021,93,93
49,2,20 Jun 2021,0.978,0.978
49,3,20 Jun 2021,2,2
49,4,20 Jun 2021,0,0
49,5,20 Jun 2021,0,0
49,6,31 May 2021,374,564
49,7,31 May 2021,0.925,0.95
49,10,31 May 2021,28,28
49,12,31 May 2021,0,0
49,13,31 May 2021,0,0
49,14,31 May 2021,0.332,0.225
49,15,01 Oct 2018,0.866,0.823
49,16,01 Oct 2018,-0.303,-0.335
49,25,29 Apr 2021,NA,13
49,26,29 Apr 2021,NA,7
49,27,01 Apr 2021,NA,442
49,28,01 Apr 2021,0.027,0.027
49,29,01 Apr 2021,0,0
49,30,31 Mar 2021,NA,27.5
49,31,31 Mar 2021,NA,147
49,32,31 Mar 2021,NA,57
49,33,31 Mar 2021,NA,212.6
49,34,01 Mar 2021,NA,0.817
49,39,01 Dec 2020,71.742,71.742
49,18,31 Mar 2021,NA,47
49,19,31 Mar 2021,NA,147
49,35,31 Mar 2021,NA,0.825
49,36,31 Mar 2021,NA,835
49,37,31 Mar 2021,NA,15.1
49,38,31 Mar 2021,NA,366.9
